Feature,Importance
comment_existence,0.5695210195161385
max_early_sentiment,0.06046710439588915
forum_todayilearned,0.013779514633627749
min_early_sentiment,0.011946492439397426
forum_technology,0.007049894243011831
ttr,0.0020169840769944385
avg_early_sentiment,0.0012450585967237187
self_reference_rate,0.0006296677664571382
forum_philosophy,0.0005575219816121577
hapax,0.0004934431095985504
burstiness,0.0002156242111786785
stopword_ratio,0.0001661515176725515
punctuation_density,6.012856383386779e-05
hedging_score,5.3516297501481634e-05
hour,2.888102685166221e-05
